{
  "answerable": {
    "doc_recall@1": 0.8611111111111112,
    "doc_recall@10": 1,
    "doc_recall@3": 1,
    "doc_recall@5": 1,
    "mrr": 0.8018518518518518,
    "ndcg@1": 0.6666666666666666,
    "ndcg@10": 0.8517976166217092,
    "ndcg@3": 0.8171252298611167,
    "ndcg@5": 0.8517976166217092,
    "num_questions": 36,
    "recall@1": 0.6666666666666666,
    "recall@10": 1,
    "recall@3": 0.9166666666666666,
    "recall@5": 1
  },
  "benchmark": {
    "answerability": {
      "answerable": 36,
      "unanswerable": 12
    },
    "difficulties": {
      "easy": 10,
      "hard": 8,
      "medium": 30
    },
    "gold_docs": {
      "code_of_academic_integrity": 6,
      "leaves_and_withdrawals": 6,
      "student_code_of_conduct": 6,
      "student_code_of_conduct_procedures": 6,
      "title_iv_enrollment_status_reporting": 6,
      "voluntary_leave_absence_students": 6
    },
    "num_questions": 48,
    "question_types": {
      "acronym": 4,
      "deadline": 7,
      "definition": 3,
      "external_dependency": 3,
      "keyword": 5,
      "missing_policy_detail": 2,
      "near_miss_conflation": 2,
      "paraphrase": 12,
      "procedure": 5,
      "unanswerable_policy_detail": 1,
      "unsupported_deadline": 1,
      "unsupported_specific_detail": 3
    },
    "topics": {
      "academic_integrity": 8,
      "leaves_withdrawals": 24,
      "student_conduct": 16
    }
  },
  "by_difficulty": {
    "easy": {
      "doc_recall@1": 0.9,
      "doc_recall@10": 1,
      "doc_recall@3": 1,
      "doc_recall@5": 1,
      "mrr": 0.875,
      "ndcg@1": 0.8,
      "ndcg@10": 0.9061606311644851,
      "ndcg@3": 0.8630929753571458,
      "ndcg@5": 0.9061606311644851,
      "num_questions": 10,
      "recall@1": 0.8,
      "recall@10": 1,
      "recall@3": 0.9,
      "recall@5": 1
    },
    "hard": {
      "doc_recall@1": 1,
      "doc_recall@10": 1,
      "doc_recall@3": 1,
      "doc_recall@5": 1,
      "mrr": 0.6875,
      "ndcg@1": 0.5,
      "ndcg@10": 0.7654015779112127,
      "ndcg@3": 0.6577324383928644,
      "ndcg@5": 0.7654015779112127,
      "num_questions": 4,
      "recall@1": 0.5,
      "recall@10": 1,
      "recall@3": 0.75,
      "recall@5": 1
    },
    "medium": {
      "doc_recall@1": 0.8181818181818182,
      "doc_recall@10": 1,
      "doc_recall@3": 1,
      "doc_recall@5": 1,
      "mrr": 0.7893939393939394,
      "ndcg@1": 0.6363636363636364,
      "ndcg@10": 0.8427955261405377,
      "ndcg@3": 0.8252113076298767,
      "ndcg@5": 0.8427955261405377,
      "num_questions": 22,
      "recall@1": 0.6363636363636364,
      "recall@10": 1,
      "recall@3": 0.9545454545454546,
      "recall@5": 1
    }
  },
  "by_question_type": {
    "acronym": {
      "doc_recall@1": 0.75,
      "doc_recall@10": 1,
      "doc_recall@3": 1,
      "doc_recall@5": 1,
      "mrr": 0.625,
      "ndcg@1": 0.25,
      "ndcg@10": 0.7231973151785931,
      "ndcg@3": 0.7231973151785931,
      "ndcg@5": 0.7231973151785931,
      "num_questions": 4,
      "recall@1": 0.25,
      "recall@10": 1,
      "recall@3": 1,
      "recall@5": 1
    },
    "deadline": {
      "doc_recall@1": 0.8571428571428571,
      "doc_recall@10": 1,
      "doc_recall@3": 1,
      "doc_recall@5": 1,
      "mrr": 0.9285714285714286,
      "ndcg@1": 0.8571428571428571,
      "ndcg@10": 0.9472756790816368,
      "ndcg@3": 0.9472756790816368,
      "ndcg@5": 0.9472756790816368,
      "num_questions": 7,
      "recall@1": 0.8571428571428571,
      "recall@10": 1,
      "recall@3": 1,
      "recall@5": 1
    },
    "definition": {
      "doc_recall@1": 0.6666666666666666,
      "doc_recall@10": 1,
      "doc_recall@3": 1,
      "doc_recall@5": 1,
      "mrr": 0.7333333333333334,
      "ndcg@1": 0.6666666666666666,
      "ndcg@10": 0.7956176024115139,
      "ndcg@3": 0.6666666666666666,
      "ndcg@5": 0.7956176024115139,
      "num_questions": 3,
      "recall@1": 0.6666666666666666,
      "recall@10": 1,
      "recall@3": 0.6666666666666666,
      "recall@5": 1
    },
    "keyword": {
      "doc_recall@1": 1,
      "doc_recall@10": 1,
      "doc_recall@3": 1,
      "doc_recall@5": 1,
      "mrr": 1.0,
      "ndcg@1": 1.0,
      "ndcg@10": 1.0,
      "ndcg@3": 1.0,
      "ndcg@5": 1.0,
      "num_questions": 5,
      "recall@1": 1,
      "recall@10": 1,
      "recall@3": 1,
      "recall@5": 1
    },
    "paraphrase": {
      "doc_recall@1": 0.8333333333333334,
      "doc_recall@10": 1,
      "doc_recall@3": 1,
      "doc_recall@5": 1,
      "mrr": 0.7430555555555556,
      "ndcg@1": 0.5833333333333334,
      "ndcg@10": 0.8077113387680257,
      "ndcg@3": 0.7718216255952429,
      "ndcg@5": 0.8077113387680257,
      "num_questions": 12,
      "recall@1": 0.5833333333333334,
      "recall@10": 1,
      "recall@3": 0.9166666666666666,
      "recall@5": 1
    },
    "procedure": {
      "doc_recall@1": 1,
      "doc_recall@10": 1,
      "doc_recall@3": 1,
      "doc_recall@5": 1,
      "mrr": 0.75,
      "ndcg@1": 0.6,
      "ndcg@10": 0.8123212623289702,
      "ndcg@3": 0.7261859507142915,
      "ndcg@5": 0.8123212623289702,
      "num_questions": 5,
      "recall@1": 0.6,
      "recall@10": 1,
      "recall@3": 0.8,
      "recall@5": 1
    }
  },
  "by_topic": {
    "academic_integrity": {
      "doc_recall@1": 1,
      "doc_recall@10": 1,
      "doc_recall@3": 1,
      "doc_recall@5": 1,
      "mrr": 0.8055555555555556,
      "ndcg@1": 0.6666666666666666,
      "ndcg@10": 0.8551549589285763,
      "ndcg@3": 0.8551549589285763,
      "ndcg@5": 0.8551549589285763,
      "num_questions": 6,
      "recall@1": 0.6666666666666666,
      "recall@10": 1,
      "recall@3": 1,
      "recall@5": 1
    },
    "leaves_withdrawals": {
      "doc_recall@1": 0.8333333333333334,
      "doc_recall@10": 1,
      "doc_recall@3": 1,
      "doc_recall@5": 1,
      "mrr": 0.7824074074074074,
      "ndcg@1": 0.6111111111111112,
      "ndcg@10": 0.8380736292183711,
      "ndcg@3": 0.8141471537698494,
      "ndcg@5": 0.8380736292183711,
      "num_questions": 18,
      "recall@1": 0.6111111111111112,
      "recall@10": 1,
      "recall@3": 0.9444444444444444,
      "recall@5": 1
    },
    "student_conduct": {
      "doc_recall@1": 0.8333333333333334,
      "doc_recall@10": 1,
      "doc_recall@3": 1,
      "doc_recall@5": 1,
      "mrr": 0.8291666666666667,
      "ndcg@1": 0.75,
      "ndcg@10": 0.8707049265732827,
      "ndcg@3": 0.8025774794642881,
      "ndcg@5": 0.8707049265732827,
      "num_questions": 12,
      "recall@1": 0.75,
      "recall@10": 1,
      "recall@3": 0.8333333333333334,
      "recall@5": 1
    }
  },
  "retriever": {
    "avg_indexed_doc_len": 161.98101265822785,
    "b": 0.65,
    "k1": 1.2,
    "k_values": [
      1,
      3,
      5,
      10
    ],
    "name": "local_okapi_bm25",
    "num_chunks": 158,
    "query_expansion": false,
    "top_k": 10
  },
  "unanswerable": {
    "avg_top_score": 10.063233908587874,
    "max_top_score": 13.570060114088374,
    "near_miss_doc@1": 0.6666666666666666,
    "near_miss_doc@10": 1,
    "near_miss_doc@3": 1,
    "near_miss_doc@5": 1,
    "num_questions": 12
  }
}
