{
  "answerable": {
    "doc_recall@1": 0.88,
    "doc_recall@10": 1,
    "doc_recall@3": 1,
    "doc_recall@5": 1,
    "mrr": 0.8371111111111111,
    "ndcg@1": 0.7333333333333333,
    "ndcg@10": 0.8749214636098768,
    "ndcg@3": 0.8525363638571472,
    "ndcg@5": 0.8749214636098768,
    "num_questions": 75,
    "recall@1": 0.7333333333333333,
    "recall@10": 0.9866666666666667,
    "recall@3": 0.9333333333333333,
    "recall@5": 0.9866666666666667
  },
  "benchmark": {
    "answerability": {
      "answerable": 75,
      "unanswerable": 25
    },
    "difficulties": {
      "easy": 23,
      "hard": 14,
      "medium": 63
    },
    "gold_docs": {
      "code_of_academic_integrity": 12,
      "leaves_and_withdrawals": 12,
      "student_code_of_conduct": 13,
      "student_code_of_conduct_procedures": 13,
      "title_iv_enrollment_status_reporting": 12,
      "voluntary_leave_absence_students": 13
    },
    "num_questions": 100,
    "question_types": {
      "acronym": 7,
      "deadline": 13,
      "definition": 9,
      "external_dependency": 7,
      "keyword": 13,
      "missing_policy_detail": 5,
      "near_miss_conflation": 3,
      "paraphrase": 19,
      "procedure": 14,
      "unanswerable_policy_detail": 1,
      "unsupported_deadline": 3,
      "unsupported_specific_detail": 6
    },
    "topics": {
      "academic_integrity": 14,
      "leaves_withdrawals": 50,
      "student_conduct": 36
    }
  },
  "by_difficulty": {
    "easy": {
      "doc_recall@1": 0.9047619047619048,
      "doc_recall@10": 1,
      "doc_recall@3": 1,
      "doc_recall@5": 1,
      "mrr": 0.8333333333333334,
      "ndcg@1": 0.7619047619047619,
      "ndcg@10": 0.8630101249185572,
      "ndcg@3": 0.8219933098639484,
      "ndcg@5": 0.8630101249185572,
      "num_questions": 21,
      "recall@1": 0.7619047619047619,
      "recall@10": 0.9523809523809523,
      "recall@3": 0.8571428571428571,
      "recall@5": 0.9523809523809523
    },
    "hard": {
      "doc_recall@1": 1,
      "doc_recall@10": 1,
      "doc_recall@3": 1,
      "doc_recall@5": 1,
      "mrr": 0.8055555555555556,
      "ndcg@1": 0.6666666666666666,
      "ndcg@10": 0.8547262294684786,
      "ndcg@3": 0.806873278571435,
      "ndcg@5": 0.8547262294684786,
      "num_questions": 9,
      "recall@1": 0.6666666666666666,
      "recall@10": 1,
      "recall@3": 0.8888888888888888,
      "recall@5": 1
    },
    "medium": {
      "doc_recall@1": 0.8444444444444444,
      "doc_recall@10": 1,
      "doc_recall@3": 1,
      "doc_recall@5": 1,
      "mrr": 0.8451851851851852,
      "ndcg@1": 0.7333333333333333,
      "ndcg@10": 0.8845191351607721,
      "ndcg@3": 0.8759224061111156,
      "ndcg@5": 0.8845191351607721,
      "num_questions": 45,
      "recall@1": 0.7333333333333333,
      "recall@10": 1,
      "recall@3": 0.9777777777777777,
      "recall@5": 1
    }
  },
  "by_question_type": {
    "acronym": {
      "doc_recall@1": 0.8571428571428571,
      "doc_recall@10": 1,
      "doc_recall@3": 1,
      "doc_recall@5": 1,
      "mrr": 0.7857142857142857,
      "ndcg@1": 0.5714285714285714,
      "ndcg@10": 0.8418270372449104,
      "ndcg@3": 0.8418270372449104,
      "ndcg@5": 0.8418270372449104,
      "num_questions": 7,
      "recall@1": 0.5714285714285714,
      "recall@10": 1,
      "recall@3": 1,
      "recall@5": 1
    },
    "deadline": {
      "doc_recall@1": 0.9230769230769231,
      "doc_recall@10": 1,
      "doc_recall@3": 1,
      "doc_recall@5": 1,
      "mrr": 0.8846153846153846,
      "ndcg@1": 0.7692307692307693,
      "ndcg@10": 0.9148299431318748,
      "ndcg@3": 0.9148299431318748,
      "ndcg@5": 0.9148299431318748,
      "num_questions": 13,
      "recall@1": 0.7692307692307693,
      "recall@10": 1,
      "recall@3": 1,
      "recall@5": 1
    },
    "definition": {
      "doc_recall@1": 0.8888888888888888,
      "doc_recall@10": 1,
      "doc_recall@3": 1,
      "doc_recall@5": 1,
      "mrr": 0.8277777777777777,
      "ndcg@1": 0.7777777777777778,
      "ndcg@10": 0.8686143739231038,
      "ndcg@3": 0.7777777777777778,
      "ndcg@5": 0.8686143739231038,
      "num_questions": 9,
      "recall@1": 0.7777777777777778,
      "recall@10": 1,
      "recall@3": 0.7777777777777778,
      "recall@5": 1
    },
    "keyword": {
      "doc_recall@1": 0.8461538461538461,
      "doc_recall@10": 1,
      "doc_recall@3": 1,
      "doc_recall@5": 1,
      "mrr": 0.8717948717948718,
      "ndcg@1": 0.8461538461538461,
      "ndcg@10": 0.8846153846153846,
      "ndcg@3": 0.8846153846153846,
      "ndcg@5": 0.8846153846153846,
      "num_questions": 13,
      "recall@1": 0.8461538461538461,
      "recall@10": 0.9230769230769231,
      "recall@3": 0.9230769230769231,
      "recall@5": 0.9230769230769231
    },
    "paraphrase": {
      "doc_recall@1": 0.8421052631578947,
      "doc_recall@10": 1,
      "doc_recall@3": 1,
      "doc_recall@5": 1,
      "mrr": 0.8026315789473684,
      "ndcg@1": 0.6842105263157895,
      "ndcg@10": 0.8522387402745425,
      "ndcg@3": 0.8295715530075218,
      "ndcg@5": 0.8522387402745425,
      "num_questions": 19,
      "recall@1": 0.6842105263157895,
      "recall@10": 1,
      "recall@3": 0.9473684210526315,
      "recall@5": 1
    },
    "procedure": {
      "doc_recall@1": 0.9285714285714286,
      "doc_recall@10": 1,
      "doc_recall@3": 1,
      "doc_recall@5": 1,
      "mrr": 0.8392857142857143,
      "ndcg@1": 0.7142857142857143,
      "ndcg@10": 0.8802475584848404,
      "ndcg@3": 0.8494849471938838,
      "ndcg@5": 0.8802475584848404,
      "num_questions": 14,
      "recall@1": 0.7142857142857143,
      "recall@10": 1,
      "recall@3": 0.9285714285714286,
      "recall@5": 1
    }
  },
  "by_topic": {
    "academic_integrity": {
      "doc_recall@1": 1,
      "doc_recall@10": 1,
      "doc_recall@3": 1,
      "doc_recall@5": 1,
      "mrr": 0.9027777777777778,
      "ndcg@1": 0.8333333333333334,
      "ndcg@10": 0.9275774794642881,
      "ndcg@3": 0.9275774794642881,
      "ndcg@5": 0.9275774794642881,
      "num_questions": 12,
      "recall@1": 0.8333333333333334,
      "recall@10": 1,
      "recall@3": 1,
      "recall@5": 1
    },
    "leaves_withdrawals": {
      "doc_recall@1": 0.8108108108108109,
      "doc_recall@10": 1,
      "doc_recall@3": 1,
      "doc_recall@5": 1,
      "mrr": 0.7567567567567568,
      "ndcg@1": 0.5945945945945946,
      "ndcg@10": 0.8118843486024299,
      "ndcg@3": 0.7886045346525167,
      "ndcg@5": 0.8118843486024299,
      "num_questions": 37,
      "recall@1": 0.5945945945945946,
      "recall@10": 0.972972972972973,
      "recall@3": 0.918918918918919,
      "recall@5": 0.972972972972973
    },
    "student_conduct": {
      "doc_recall@1": 0.9230769230769231,
      "doc_recall@10": 1,
      "doc_recall@3": 1,
      "doc_recall@5": 1,
      "mrr": 0.9211538461538461,
      "ndcg@1": 0.8846153846153846,
      "ndcg@10": 0.9403253507261304,
      "ndcg@3": 0.9088819135989022,
      "ndcg@5": 0.9403253507261304,
      "num_questions": 26,
      "recall@1": 0.8846153846153846,
      "recall@10": 1,
      "recall@3": 0.9230769230769231,
      "recall@5": 1
    }
  },
  "retriever": {
    "avg_indexed_doc_len": 161.98101265822785,
    "b": 0.65,
    "k1": 1.2,
    "k_values": [
      1,
      3,
      5,
      10
    ],
    "name": "local_okapi_bm25",
    "num_chunks": 158,
    "query_expansion": false,
    "top_k": 10
  },
  "unanswerable": {
    "avg_top_score": 11.026509546942517,
    "max_top_score": 18.255276719876672,
    "near_miss_doc@1": 0.76,
    "near_miss_doc@10": 1,
    "near_miss_doc@3": 1,
    "near_miss_doc@5": 1,
    "num_questions": 25
  }
}
