{
  "answerable": {
    "doc_recall@1": 0.9333333333333333,
    "doc_recall@10": 0.9866666666666667,
    "doc_recall@3": 0.9733333333333334,
    "doc_recall@5": 0.9866666666666667,
    "mrr": 0.7934603174603174,
    "ndcg@1": 0.7066666666666667,
    "ndcg@10": 0.8313900629176385,
    "ndcg@3": 0.8055534436666694,
    "ndcg@5": 0.8221961893117538,
    "num_questions": 75,
    "recall@1": 0.7066666666666667,
    "recall@10": 0.9466666666666667,
    "recall@3": 0.88,
    "recall@5": 0.92
  },
  "benchmark": {
    "answerability": {
      "answerable": 75,
      "unanswerable": 25
    },
    "difficulties": {
      "easy": 23,
      "hard": 14,
      "medium": 63
    },
    "gold_docs": {
      "code_of_academic_integrity": 12,
      "leaves_and_withdrawals": 12,
      "student_code_of_conduct": 13,
      "student_code_of_conduct_procedures": 13,
      "title_iv_enrollment_status_reporting": 12,
      "voluntary_leave_absence_students": 13
    },
    "num_questions": 100,
    "question_types": {
      "acronym": 7,
      "deadline": 13,
      "definition": 9,
      "external_dependency": 7,
      "keyword": 13,
      "missing_policy_detail": 5,
      "near_miss_conflation": 3,
      "paraphrase": 19,
      "procedure": 14,
      "unanswerable_policy_detail": 1,
      "unsupported_deadline": 3,
      "unsupported_specific_detail": 6
    },
    "topics": {
      "academic_integrity": 14,
      "leaves_withdrawals": 50,
      "student_conduct": 36
    }
  },
  "by_difficulty": {
    "easy": {
      "doc_recall@1": 0.9523809523809523,
      "doc_recall@10": 0.9523809523809523,
      "doc_recall@3": 0.9523809523809523,
      "doc_recall@5": 0.9523809523809523,
      "mrr": 0.8849206349206349,
      "ndcg@1": 0.8571428571428571,
      "ndcg@10": 0.9014607884796854,
      "ndcg@3": 0.8809523809523809,
      "ndcg@5": 0.9014607884796854,
      "num_questions": 21,
      "recall@1": 0.8571428571428571,
      "recall@10": 0.9523809523809523,
      "recall@3": 0.9047619047619048,
      "recall@5": 0.9523809523809523
    },
    "hard": {
      "doc_recall@1": 0.8888888888888888,
      "doc_recall@10": 1,
      "doc_recall@3": 1,
      "doc_recall@5": 1,
      "mrr": 0.4351851851851852,
      "ndcg@1": 0.2222222222222222,
      "ndcg@10": 0.5464237220836525,
      "ndcg@3": 0.45899219484127307,
      "ndcg@5": 0.5068451457383167,
      "num_questions": 9,
      "recall@1": 0.2222222222222222,
      "recall@10": 0.8888888888888888,
      "recall@3": 0.6666666666666666,
      "recall@5": 0.7777777777777778
    },
    "medium": {
      "doc_recall@1": 0.9333333333333333,
      "doc_recall@10": 1,
      "doc_recall@3": 0.9777777777777777,
      "doc_recall@5": 1,
      "mrr": 0.8224338624338624,
      "ndcg@1": 0.7333333333333333,
      "ndcg@10": 0.8556836591554805,
      "ndcg@3": 0.8396795226984166,
      "ndcg@5": 0.8482762517480731,
      "num_questions": 45,
      "recall@1": 0.7333333333333333,
      "recall@10": 0.9555555555555556,
      "recall@3": 0.9111111111111111,
      "recall@5": 0.9333333333333333
    }
  },
  "by_question_type": {
    "acronym": {
      "doc_recall@1": 1,
      "doc_recall@10": 1,
      "doc_recall@3": 1,
      "doc_recall@5": 1,
      "mrr": 0.6547619047619048,
      "ndcg@1": 0.42857142857142855,
      "ndcg@10": 0.7417908664594726,
      "ndcg@3": 0.6802656438775593,
      "ndcg@5": 0.7417908664594726,
      "num_questions": 7,
      "recall@1": 0.42857142857142855,
      "recall@10": 1,
      "recall@3": 0.8571428571428571,
      "recall@5": 1
    },
    "deadline": {
      "doc_recall@1": 0.9230769230769231,
      "doc_recall@10": 1,
      "doc_recall@3": 1,
      "doc_recall@5": 1,
      "mrr": 0.7564102564102564,
      "ndcg@1": 0.6153846153846154,
      "ndcg@10": 0.8167743610962259,
      "ndcg@3": 0.7893738082417627,
      "ndcg@5": 0.7893738082417627,
      "num_questions": 13,
      "recall@1": 0.6153846153846154,
      "recall@10": 1,
      "recall@3": 0.9230769230769231,
      "recall@5": 0.9230769230769231
    },
    "definition": {
      "doc_recall@1": 0.8888888888888888,
      "doc_recall@10": 1,
      "doc_recall@3": 1,
      "doc_recall@5": 1,
      "mrr": 0.7936507936507936,
      "ndcg@1": 0.7777777777777778,
      "ndcg@10": 0.8148148148148148,
      "ndcg@3": 0.7777777777777778,
      "ndcg@5": 0.7777777777777778,
      "num_questions": 9,
      "recall@1": 0.7777777777777778,
      "recall@10": 0.8888888888888888,
      "recall@3": 0.7777777777777778,
      "recall@5": 0.7777777777777778
    },
    "keyword": {
      "doc_recall@1": 0.9230769230769231,
      "doc_recall@10": 1,
      "doc_recall@3": 1,
      "doc_recall@5": 1,
      "mrr": 0.8525641025641025,
      "ndcg@1": 0.7692307692307693,
      "ndcg@10": 0.8893543316649886,
      "ndcg@3": 0.8562253656593429,
      "ndcg@5": 0.8893543316649886,
      "num_questions": 13,
      "recall@1": 0.7692307692307693,
      "recall@10": 1,
      "recall@3": 0.9230769230769231,
      "recall@5": 1
    },
    "paraphrase": {
      "doc_recall@1": 0.9473684210526315,
      "doc_recall@10": 1,
      "doc_recall@3": 0.9473684210526315,
      "doc_recall@5": 1,
      "mrr": 0.8087719298245614,
      "ndcg@1": 0.7368421052631579,
      "ndcg@10": 0.8430411874108421,
      "ndcg@3": 0.8226805133458662,
      "ndcg@5": 0.8430411874108421,
      "num_questions": 19,
      "recall@1": 0.7368421052631579,
      "recall@10": 0.9473684210526315,
      "recall@3": 0.8947368421052632,
      "recall@5": 0.9473684210526315
    },
    "procedure": {
      "doc_recall@1": 0.9285714285714286,
      "doc_recall@10": 0.9285714285714286,
      "doc_recall@3": 0.9285714285714286,
      "doc_recall@5": 0.9285714285714286,
      "mrr": 0.8214285714285714,
      "ndcg@1": 0.7857142857142857,
      "ndcg@10": 0.8307806966836755,
      "ndcg@3": 0.8307806966836755,
      "ndcg@5": 0.8307806966836755,
      "num_questions": 14,
      "recall@1": 0.7857142857142857,
      "recall@10": 0.8571428571428571,
      "recall@3": 0.8571428571428571,
      "recall@5": 0.8571428571428571
    }
  },
  "by_topic": {
    "academic_integrity": {
      "doc_recall@1": 1,
      "doc_recall@10": 1,
      "doc_recall@3": 1,
      "doc_recall@5": 1,
      "mrr": 0.875,
      "ndcg@1": 0.75,
      "ndcg@10": 0.9077324383928644,
      "ndcg@3": 0.9077324383928644,
      "ndcg@5": 0.9077324383928644,
      "num_questions": 12,
      "recall@1": 0.75,
      "recall@10": 1,
      "recall@3": 1,
      "recall@5": 1
    },
    "leaves_withdrawals": {
      "doc_recall@1": 0.8648648648648649,
      "doc_recall@10": 0.972972972972973,
      "doc_recall@3": 0.9459459459459459,
      "doc_recall@5": 0.972972972972973,
      "mrr": 0.6218790218790219,
      "ndcg@1": 0.4864864864864865,
      "ndcg@10": 0.6881477150840138,
      "ndcg@3": 0.6357761895752927,
      "ndcg@5": 0.6695114848018151,
      "num_questions": 37,
      "recall@1": 0.4864864864864865,
      "recall@10": 0.8918918918918919,
      "recall@3": 0.7567567567567568,
      "recall@5": 0.8378378378378378
    },
    "student_conduct": {
      "doc_recall@1": 1,
      "doc_recall@10": 1,
      "doc_recall@3": 1,
      "doc_recall@5": 1,
      "mrr": 1.0,
      "ndcg@1": 1.0,
      "ndcg@10": 1.0,
      "ndcg@3": 1.0,
      "ndcg@5": 1.0,
      "num_questions": 26,
      "recall@1": 1,
      "recall@10": 1,
      "recall@3": 1,
      "recall@5": 1
    }
  },
  "retriever": {
    "base_retriever": {
      "cache_path": "data/processed/embeddings_all-MiniLM-L6-v2.npz",
      "chunks_sha256": "d5690df0194c0b1db9d2a1d45dcd7caa69ead038455fa0919fdd0ff280d9bbd0",
      "embedding_dim": 384,
      "model_name": "sentence-transformers/all-MiniLM-L6-v2",
      "name": "local_dense_sentence_transformers",
      "num_chunks": 158
    },
    "candidate_k": 20,
    "k_values": [
      1,
      3,
      5,
      10
    ],
    "name": "cross_encoder_reranker",
    "query_expansion": false,
    "reranker_model": "cross-encoder/ms-marco-MiniLM-L-6-v2",
    "top_k": 10
  },