{
  "answerable": {
    "doc_recall@1": 0.8133333333333334,
    "doc_recall@10": 0.9733333333333334,
    "doc_recall@3": 0.88,
    "doc_recall@5": 0.9466666666666667,
    "mrr": 0.6320370370370371,
    "ndcg@1": 0.56,
    "ndcg@10": 0.6807974018934492,
    "ndcg@3": 0.611903856809525,
    "ndcg@5": 0.6515160188851903,
    "num_questions": 75,
    "recall@1": 0.56,
    "recall@10": 0.84,
    "recall@3": 0.6533333333333333,
    "recall@5": 0.7466666666666667
  },
  "benchmark": {
    "answerability": {
      "answerable": 75,
      "unanswerable": 25
    },
    "difficulties": {
      "easy": 23,
      "hard": 14,
      "medium": 63
    },
    "gold_docs": {
      "code_of_academic_integrity": 12,
      "leaves_and_withdrawals": 12,
      "student_code_of_conduct": 13,
      "student_code_of_conduct_procedures": 13,
      "title_iv_enrollment_status_reporting": 12,
      "voluntary_leave_absence_students": 13
    },
    "num_questions": 100,
    "question_types": {
      "acronym": 7,
      "deadline": 13,
      "definition": 9,
      "external_dependency": 7,
      "keyword": 13,
      "missing_policy_detail": 5,
      "near_miss_conflation": 3,
      "paraphrase": 19,
      "procedure": 14,
      "unanswerable_policy_detail": 1,
      "unsupported_deadline": 3,
      "unsupported_specific_detail": 6
    },
    "topics": {
      "academic_integrity": 14,
      "leaves_withdrawals": 50,
      "student_conduct": 36
    }
  },
  "by_difficulty": {
    "easy": {
      "doc_recall@1": 0.7619047619047619,
      "doc_recall@10": 0.9523809523809523,
      "doc_recall@3": 0.9047619047619048,
      "doc_recall@5": 0.9523809523809523,
      "mrr": 0.7686507936507937,
      "ndcg@1": 0.7142857142857143,
      "ndcg@10": 0.8112002981512861,
      "ndcg@3": 0.7619047619047619,
      "ndcg@5": 0.7824131694320663,
      "num_questions": 21,
      "recall@1": 0.7142857142857143,
      "recall@10": 0.9523809523809523,
      "recall@3": 0.8095238095238095,
      "recall@5": 0.8571428571428571
    },
    "hard": {
      "doc_recall@1": 0.7777777777777778,
      "doc_recall@10": 0.8888888888888888,
      "doc_recall@3": 0.7777777777777778,
      "doc_recall@5": 0.8888888888888888,
      "mrr": 0.345679012345679,
      "ndcg@1": 0.3333333333333333,
      "ndcg@10": 0.3667811106293312,
      "ndcg@3": 0.3333333333333333,
      "ndcg@5": 0.3333333333333333,
      "num_questions": 9,
      "recall@1": 0.3333333333333333,
      "recall@10": 0.4444444444444444,
      "recall@3": 0.3333333333333333,
      "recall@5": 0.3333333333333333
    },
    "medium": {
      "doc_recall@1": 0.8444444444444444,
      "doc_recall@10": 1,
      "doc_recall@3": 0.8888888888888888,
      "doc_recall@5": 0.9555555555555556,
      "mrr": 0.6255555555555555,
      "ndcg@1": 0.5333333333333333,
      "ndcg@10": 0.6827459752259489,
      "ndcg@3": 0.597617539126986,
      "ndcg@5": 0.6540672190736863,
      "num_questions": 45,
      "recall@1": 0.5333333333333333,
      "recall@10": 0.8666666666666667,
      "recall@3": 0.6444444444444445,
      "recall@5": 0.7777777777777778
    }
  },
  "by_question_type": {
    "acronym": {
      "doc_recall@1": 1,
      "doc_recall@10": 1,
      "doc_recall@3": 1,
      "doc_recall@5": 1,
      "mrr": 0.5404761904761904,
      "ndcg@1": 0.42857142857142855,
      "ndcg@10": 0.6167899093297049,
      "ndcg@3": 0.5,
      "ndcg@5": 0.6167899093297049,
      "num_questions": 7,
      "recall@1": 0.42857142857142855,
      "recall@10": 0.8571428571428571,
      "recall@3": 0.5714285714285714,
      "recall@5": 0.8571428571428571
    },
    "deadline": {
      "doc_recall@1": 0.8461538461538461,
      "doc_recall@10": 0.9230769230769231,
      "doc_recall@3": 0.8461538461538461,
      "doc_recall@5": 0.8461538461538461,
      "mrr": 0.5354700854700855,
      "ndcg@1": 0.46153846153846156,
      "ndcg@10": 0.588592394894363,
      "ndcg@3": 0.5100715195054968,
      "ndcg@5": 0.5432004855111423,
      "num_questions": 13,
      "recall@1": 0.46153846153846156,
      "recall@10": 0.7692307692307693,
      "recall@3": 0.5384615384615384,
      "recall@5": 0.6153846153846154
    },
    "definition": {
      "doc_recall@1": 0.7777777777777778,
      "doc_recall@10": 1,
      "doc_recall@3": 1,
      "doc_recall@5": 1,
      "mrr": 0.7222222222222222,
      "ndcg@1": 0.6666666666666666,
      "ndcg@10": 0.761800798567558,
      "ndcg@3": 0.7222222222222222,
      "ndcg@5": 0.7222222222222222,
      "num_questions": 9,
      "recall@1": 0.6666666666666666,
      "recall@10": 0.8888888888888888,
      "recall@3": 0.7777777777777778,
      "recall@5": 0.7777777777777778
    },
    "keyword": {
      "doc_recall@1": 0.6923076923076923,
      "doc_recall@10": 1,
      "doc_recall@3": 0.8461538461538461,
      "doc_recall@5": 1,
      "mrr": 0.6807692307692308,
      "ndcg@1": 0.6153846153846154,
      "ndcg@10": 0.737007269272159,
      "ndcg@3": 0.6153846153846154,
      "ndcg@5": 0.7147715134015522,
      "num_questions": 13,
      "recall@1": 0.6153846153846154,
      "recall@10": 0.9230769230769231,
      "recall@3": 0.6153846153846154,
      "recall@5": 0.8461538461538461
    },
    "paraphrase": {
      "doc_recall@1": 0.7894736842105263,
      "doc_recall@10": 1,
      "doc_recall@3": 0.8421052631578947,
      "doc_recall@5": 0.9473684210526315,
      "mrr": 0.6039473684210527,
      "ndcg@1": 0.5263157894736842,
      "ndcg@10": 0.659070694834552,
      "ndcg@3": 0.5858384080827083,
      "ndcg@5": 0.6085055953497289,
      "num_questions": 19,
      "recall@1": 0.5263157894736842,
      "recall@10": 0.8421052631578947,
      "recall@3": 0.631578947368421,
      "recall@5": 0.6842105263157895
    },
    "procedure": {
      "doc_recall@1": 0.8571428571428571,
      "doc_recall@10": 0.9285714285714286,
      "doc_recall@3": 0.8571428571428571,
      "doc_recall@5": 0.9285714285714286,
      "mrr": 0.7023809523809523,
      "ndcg@1": 0.6428571428571429,
      "ndcg@10": 0.7236378395408184,
      "ndcg@3": 0.7236378395408184,
      "ndcg@5": 0.7236378395408184,
      "num_questions": 14,
      "recall@1": 0.6428571428571429,
      "recall@10": 0.7857142857142857,
      "recall@3": 0.7857142857142857,
      "recall@5": 0.7857142857142857
    }
  },
  "by_topic": {
    "academic_integrity": {
      "doc_recall@1": 1,
      "doc_recall@10": 1,
      "doc_recall@3": 1,
      "doc_recall@5": 1,
      "mrr": 0.7847222222222222,
      "ndcg@1": 0.75,
      "ndcg@10": 0.8155736454317846,
      "ndcg@3": 0.75,
      "ndcg@5": 0.7858897131727828,
      "num_questions": 12,
      "recall@1": 0.75,
      "recall@10": 0.9166666666666666,
      "recall@3": 0.75,
      "recall@5": 0.8333333333333334
    },
    "leaves_withdrawals": {
      "doc_recall@1": 0.6486486486486487,
      "doc_recall@10": 0.9459459459459459,
      "doc_recall@3": 0.7567567567567568,
      "doc_recall@5": 0.8918918918918919,
      "mrr": 0.4068318318318318,
      "ndcg@1": 0.2972972972972973,
      "ndcg@10": 0.48251153559291704,
      "ndcg@3": 0.3719421488417004,
      "ndcg@5": 0.4405971649930925,
      "num_questions": 37,
      "recall@1": 0.2972972972972973,
      "recall@10": 0.7297297297297297,
      "recall@3": 0.43243243243243246,
      "recall@5": 0.5945945945945946
    },
    "student_conduct": {
      "doc_recall@1": 0.9615384615384616,
      "doc_recall@10": 1,
      "doc_recall@3": 1,
      "doc_recall@5": 1,
      "mrr": 0.882051282051282,
      "ndcg@1": 0.8461538461538461,
      "ndcg@10": 0.9007690223034364,
      "ndcg@3": 0.889651144368133,
      "ndcg@5": 0.889651144368133,
      "num_questions": 26,
      "recall@1": 0.8461538461538461,
      "recall@10": 0.9615384615384616,
      "recall@3": 0.9230769230769231,
      "recall@5": 0.9230769230769231
    }
  },
  "retriever": {
    "cache_path": "data/processed/embeddings_all-MiniLM-L6-v2.npz",
    "chunks_sha256": "d5690df0194c0b1db9d2a1d45dcd7caa69ead038455fa0919fdd0ff280d9bbd0",
    "embedding_dim": 384,