{
  "answerable": {
    "doc_recall@1": 0.8611111111111112,
    "doc_recall@10": 0.9722222222222222,
    "doc_recall@3": 0.9444444444444444,
    "doc_recall@5": 0.9444444444444444,
    "mrr": 0.6033179012345679,
    "ndcg@1": 0.5277777777777778,
    "ndcg@10": 0.6626527227272478,
    "ndcg@3": 0.5869702709325405,
    "ndcg@5": 0.609679419968872,
    "num_questions": 36,
    "recall@1": 0.5277777777777778,
    "recall@10": 0.8611111111111112,
    "recall@3": 0.6388888888888888,
    "recall@5": 0.6944444444444444
  },
  "benchmark": {
    "answerability": {
      "answerable": 36,
      "unanswerable": 12
    },
    "difficulties": {
      "easy": 10,
      "hard": 8,
      "medium": 30
    },
    "gold_docs": {
      "code_of_academic_integrity": 6,
      "leaves_and_withdrawals": 6,
      "student_code_of_conduct": 6,
      "student_code_of_conduct_procedures": 6,
      "title_iv_enrollment_status_reporting": 6,
      "voluntary_leave_absence_students": 6
    },
    "num_questions": 48,
    "question_types": {
      "acronym": 4,
      "case_specific_judgment": 1,
      "deadline": 7,
      "definition": 3,
      "external_dependency": 3,
      "keyword": 5,
      "missing_policy_detail": 2,
      "near_miss_conflation": 2,
      "paraphrase": 12,
      "procedure": 5,
      "unanswerable_policy_detail": 1,
      "unsupported_deadline": 1,
      "unsupported_specific_detail": 2
    },
    "topics": {
      "academic_integrity": 8,
      "leaves_withdrawals": 24,
      "student_conduct": 16
    }
  },
  "by_difficulty": {
    "easy": {
      "doc_recall@1": 0.8,
      "doc_recall@10": 1,
      "doc_recall@3": 1,
      "doc_recall@5": 1,
      "mrr": 0.7558333333333334,
      "ndcg@1": 0.7,
      "ndcg@10": 0.8104529703103617,
      "ndcg@3": 0.75,
      "ndcg@5": 0.75,
      "num_questions": 10,
      "recall@1": 0.7,
      "recall@10": 1,
      "recall@3": 0.8,
      "recall@5": 0.8
    },
    "hard": {
      "doc_recall@1": 0.75,
      "doc_recall@10": 0.75,
      "doc_recall@3": 0.75,
      "doc_recall@5": 0.75,
      "mrr": 0.027777777777777776,
      "ndcg@1": 0.0,
      "ndcg@10": 0.0752574989159953,
      "ndcg@3": 0.0,
      "ndcg@5": 0.0,
      "num_questions": 4,
      "recall@1": 0,
      "recall@10": 0.25,
      "recall@3": 0,
      "recall@5": 0
    },
    "medium": {
      "doc_recall@1": 0.9090909090909091,
      "doc_recall@10": 1,
      "doc_recall@3": 0.9545454545454546,
      "doc_recall@5": 0.9545454545454546,
      "mrr": 0.6386363636363637,
      "ndcg@1": 0.5454545454545454,
      "ndcg@10": 0.7022699236096965,
      "ndcg@3": 0.6195877160714299,
      "ndcg@5": 0.656748141767245,
      "num_questions": 22,
      "recall@1": 0.5454545454545454,
      "recall@10": 0.9090909090909091,
      "recall@3": 0.6818181818181818,
      "recall@5": 0.7727272727272727
    }
  },
  "by_question_type": {
    "acronym": {
      "doc_recall@1": 1,
      "doc_recall@10": 1,
      "doc_recall@3": 1,
      "doc_recall@5": 1,
      "mrr": 0.3833333333333333,
      "ndcg@1": 0.25,
      "ndcg@10": 0.4717132018086354,
      "ndcg@3": 0.375,
      "ndcg@5": 0.4717132018086354,
      "num_questions": 4,
      "recall@1": 0.25,
      "recall@10": 0.75,
      "recall@3": 0.5,
      "recall@5": 0.75
    },
    "deadline": {
      "doc_recall@1": 0.8571428571428571,
      "doc_recall@10": 0.8571428571428571,
      "doc_recall@3": 0.8571428571428571,
      "doc_recall@5": 0.8571428571428571,
      "mrr": 0.6587301587301587,
      "ndcg@1": 0.5714285714285714,
      "ndcg@10": 0.7045656784622055,
      "ndcg@3": 0.6615613933673511,
      "ndcg@5": 0.6615613933673511,
      "num_questions": 7,
      "recall@1": 0.5714285714285714,
      "recall@10": 0.8571428571428571,
      "recall@3": 0.7142857142857143,
      "recall@5": 0.7142857142857143
    },
    "definition": {
      "doc_recall@1": 0.6666666666666666,
      "doc_recall@10": 1,
      "doc_recall@3": 1,
      "doc_recall@5": 1,
      "mrr": 0.3888888888888889,
      "ndcg@1": 0.3333333333333333,
      "ndcg@10": 0.45206906236934075,
      "ndcg@3": 0.3333333333333333,
      "ndcg@5": 0.3333333333333333,
      "num_questions": 3,
      "recall@1": 0.3333333333333333,
      "recall@10": 0.6666666666666666,
      "recall@3": 0.3333333333333333,
      "recall@5": 0.3333333333333333
    },
    "keyword": {
      "doc_recall@1": 0.8,
      "doc_recall@10": 1,
      "doc_recall@3": 1,
      "doc_recall@5": 1,
      "mrr": 0.82,
      "ndcg@1": 0.8,
      "ndcg@10": 0.8578129652635775,
      "ndcg@3": 0.8,
      "ndcg@5": 0.8,
      "num_questions": 5,
      "recall@1": 0.8,
      "recall@10": 1,
      "recall@3": 0.8,
      "recall@5": 0.8
    },
    "paraphrase": {
      "doc_recall@1": 0.8333333333333334,
      "doc_recall@10": 1,
      "doc_recall@3": 0.9166666666666666,
      "doc_recall@5": 0.9166666666666666,
      "mrr": 0.58125,
      "ndcg@1": 0.5,
      "ndcg@10": 0.657617787357086,
      "ndcg@3": 0.5416666666666666,
      "ndcg@5": 0.5775563798394494,
      "num_questions": 12,
      "recall@1": 0.5,
      "recall@10": 0.9166666666666666,
      "recall@3": 0.5833333333333334,
      "recall@5": 0.6666666666666666
    },
    "procedure": {
      "doc_recall@1": 1,
      "doc_recall@10": 1,
      "doc_recall@3": 1,
      "doc_recall@5": 1,
      "mrr": 0.6666666666666666,
      "ndcg@1": 0.6,
      "ndcg@10": 0.7,
      "ndcg@3": 0.7,
      "ndcg@5": 0.7,
      "num_questions": 5,
      "recall@1": 0.6,
      "recall@10": 0.8,
      "recall@3": 0.8,
      "recall@5": 0.8
    }
  },
  "by_topic": {
    "academic_integrity": {
      "doc_recall@1": 1,
      "doc_recall@10": 1,
      "doc_recall@3": 1,
      "doc_recall@5": 1,
      "mrr": 0.6944444444444444,
      "ndcg@1": 0.6666666666666666,
      "ndcg@10": 0.7260345311846703,
      "ndcg@3": 0.6666666666666666,
      "ndcg@5": 0.6666666666666666,
      "num_questions": 6,
      "recall@1": 0.6666666666666666,
      "recall@10": 0.8333333333333334,
      "recall@3": 0.6666666666666666,
      "recall@5": 0.6666666666666666
    },
    "leaves_withdrawals": {
      "doc_recall@1": 0.7222222222222222,
      "doc_recall@10": 0.9444444444444444,
      "doc_recall@3": 0.8888888888888888,
      "doc_recall@5": 0.8888888888888888,
      "mrr": 0.37330246913580245,
      "ndcg@1": 0.2777777777777778,
      "ndcg@10": 0.46490894875008015,
      "ndcg@3": 0.3333333333333333,
      "ndcg@5": 0.3787516314059964,
      "num_questions": 18,
      "recall@1": 0.2777777777777778,
      "recall@10": 0.7777777777777778,
      "recall@3": 0.3888888888888889,
      "recall@5": 0.5
    },
    "student_conduct": {
      "doc_recall@1": 1,
      "doc_recall@10": 1,
      "doc_recall@3": 1,
      "doc_recall@5": 1,
      "mrr": 0.9027777777777778,
      "ndcg@1": 0.8333333333333334,
      "ndcg@10": 0.9275774794642881,
      "ndcg@3": 0.9275774794642881,
      "ndcg@5": 0.9275774794642881,
      "num_questions": 12,
      "recall@1": 0.8333333333333334,
      "recall@10": 1,
      "recall@3": 1,
      "recall@5": 1
    }
  },
  "retriever": {
    "cache_path": "data/processed/embeddings_all-MiniLM-L6-v2.npz",
    "chunks_sha256": "d5690df0194c0b1db9d2a1d45dcd7caa69ead038455fa0919fdd0ff280d9bbd0",
    "embedding_dim": 384,
    "k_values": [
      1,
      3,
      5,
      10
    ],
    "model_name": "sentence-transformers/all-MiniLM-L6-v2",
    "name": "local_dense_sentence_transformers",
    "num_chunks": 158,
    "query_expansion": false,
    "top_k": 10
  },
  "unanswerable": {
    "avg_top_score": 0.5307484890023867,
    "max_top_score": 0.6635353565216064,
    "near_miss_doc@1": 0.9166666666666666,
    "near_miss_doc@10": 1,
    "near_miss_doc@3": 1,
    "near_miss_doc@5": 1,
    "num_questions": 12
  }
}
