{
  "answerable": {
    "doc_recall@1": 0.9333333333333333,
    "doc_recall@10": 1,
    "doc_recall@3": 0.9733333333333334,
    "doc_recall@5": 0.9866666666666667,
    "mrr": 0.8124814814814815,
    "ndcg@1": 0.72,
    "ndcg@10": 0.8581692492196777,
    "ndcg@3": 0.8238077136190499,
    "ndcg@5": 0.8404504592641343,
    "num_questions": 75,
    "recall@1": 0.72,
    "recall@10": 1,
    "recall@3": 0.9066666666666666,
    "recall@5": 0.9466666666666667
  },
  "benchmark": {
    "answerability": {
      "answerable": 75,
      "unanswerable": 25
    },
    "difficulties": {
      "easy": 23,
      "hard": 14,
      "medium": 63
    },
    "gold_docs": {
      "code_of_academic_integrity": 12,
      "leaves_and_withdrawals": 12,
      "student_code_of_conduct": 13,
      "student_code_of_conduct_procedures": 13,
      "title_iv_enrollment_status_reporting": 12,
      "voluntary_leave_absence_students": 13
    },
    "num_questions": 100,
    "question_types": {
      "acronym": 7,
      "deadline": 13,
      "definition": 9,
      "external_dependency": 7,
      "keyword": 13,
      "missing_policy_detail": 5,
      "near_miss_conflation": 3,
      "paraphrase": 19,
      "procedure": 14,
      "unanswerable_policy_detail": 1,
      "unsupported_deadline": 3,
      "unsupported_specific_detail": 6
    },
    "topics": {
      "academic_integrity": 14,
      "leaves_withdrawals": 50,
      "student_conduct": 36
    }
  },
  "by_difficulty": {
    "easy": {
      "doc_recall@1": 0.9523809523809523,
      "doc_recall@10": 1,
      "doc_recall@3": 0.9523809523809523,
      "doc_recall@5": 0.9523809523809523,
      "mrr": 0.8908730158730158,
      "ndcg@1": 0.8571428571428571,
      "ndcg@10": 0.916482925469482,
      "ndcg@3": 0.8809523809523809,
      "ndcg@5": 0.9014607884796854,
      "num_questions": 21,
      "recall@1": 0.8571428571428571,
      "recall@10": 1,
      "recall@3": 0.9047619047619048,
      "recall@5": 0.9523809523809523
    },
    "hard": {
      "doc_recall@1": 0.8888888888888888,
      "doc_recall@10": 1,
      "doc_recall@3": 1,
      "doc_recall@5": 1,
      "mrr": 0.5277777777777778,
      "ndcg@1": 0.3333333333333333,
      "ndcg@10": 0.642987082797935,
      "ndcg@3": 0.5555555555555556,
      "ndcg@5": 0.6034085064525992,
      "num_questions": 9,
      "recall@1": 0.3333333333333333,
      "recall@10": 1,
      "recall@3": 0.7777777777777778,
      "recall@5": 0.8888888888888888
    },
    "medium": {
      "doc_recall@1": 0.9333333333333333,
      "doc_recall@10": 1,
      "doc_recall@3": 0.9777777777777777,
      "doc_recall@5": 1,
      "mrr": 0.8328395061728395,
      "ndcg@1": 0.7333333333333333,
      "ndcg@10": 0.8739926335874509,
      "ndcg@3": 0.8507906338095277,
      "ndcg@5": 0.8593873628591842,
      "num_questions": 45,
      "recall@1": 0.7333333333333333,
      "recall@10": 1,
      "recall@3": 0.9333333333333333,
      "recall@5": 0.9555555555555556
    }
  },
  "by_question_type": {
    "acronym": {
      "doc_recall@1": 1,
      "doc_recall@10": 1,
      "doc_recall@3": 1,
      "doc_recall@5": 1,
      "mrr": 0.6547619047619048,
      "ndcg@1": 0.42857142857142855,
      "ndcg@10": 0.7417908664594726,
      "ndcg@3": 0.6802656438775593,
      "ndcg@5": 0.7417908664594726,
      "num_questions": 7,
      "recall@1": 0.42857142857142855,
      "recall@10": 1,
      "recall@3": 0.8571428571428571,
      "recall@5": 1
    },
    "deadline": {
      "doc_recall@1": 0.9230769230769231,
      "doc_recall@10": 1,
      "doc_recall@3": 1,
      "doc_recall@5": 1,
      "mrr": 0.7435897435897436,
      "ndcg@1": 0.6153846153846154,
      "ndcg@10": 0.8067028415907292,
      "ndcg@3": 0.779302288736266,
      "ndcg@5": 0.779302288736266,
      "num_questions": 13,
      "recall@1": 0.6153846153846154,
      "recall@10": 1,
      "recall@3": 0.9230769230769231,
      "recall@5": 0.9230769230769231
    },
    "definition": {
      "doc_recall@1": 0.8888888888888888,
      "doc_recall@10": 1,
      "doc_recall@3": 1,
      "doc_recall@5": 1,
      "mrr": 0.808641975308642,
      "ndcg@1": 0.7777777777777778,
      "ndcg@10": 0.8508041314191115,
      "ndcg@3": 0.7777777777777778,
      "ndcg@5": 0.7777777777777778,
      "num_questions": 9,
      "recall@1": 0.7777777777777778,
      "recall@10": 1,
      "recall@3": 0.7777777777777778,
      "recall@5": 0.7777777777777778
    },
    "keyword": {
      "doc_recall@1": 0.9230769230769231,
      "doc_recall@10": 1,
      "doc_recall@3": 1,
      "doc_recall@5": 1,
      "mrr": 0.8525641025641025,
      "ndcg@1": 0.7692307692307693,
      "ndcg@10": 0.8893543316649886,
      "ndcg@3": 0.8562253656593429,
      "ndcg@5": 0.8893543316649886,
      "num_questions": 13,
      "recall@1": 0.7692307692307693,
      "recall@10": 1,
      "recall@3": 0.9230769230769231,
      "recall@5": 1
    },
    "paraphrase": {
      "doc_recall@1": 0.9473684210526315,
      "doc_recall@10": 1,
      "doc_recall@3": 0.9473684210526315,
      "doc_recall@5": 1,
      "mrr": 0.8263157894736842,
      "ndcg@1": 0.7368421052631579,
      "ndcg@10": 0.8693569768845263,
      "ndcg@3": 0.8489963028195504,
      "ndcg@5": 0.8693569768845263,
      "num_questions": 19,
      "recall@1": 0.7368421052631579,
      "recall@10": 1,
      "recall@3": 0.9473684210526315,
      "recall@5": 1
    },
    "procedure": {
      "doc_recall@1": 0.9285714285714286,
      "doc_recall@10": 1,
      "doc_recall@3": 0.9285714285714286,
      "doc_recall@5": 0.9285714285714286,
      "mrr": 0.9017857142857143,
      "ndcg@1": 0.8571428571428571,
      "ndcg@10": 0.9247424735969418,
      "ndcg@3": 0.902209268112247,
      "ndcg@5": 0.902209268112247,
      "num_questions": 14,
      "recall@1": 0.8571428571428571,
      "recall@10": 1,
      "recall@3": 0.9285714285714286,
      "recall@5": 0.9285714285714286
    }
  },
  "by_topic": {
    "academic_integrity": {
      "doc_recall@1": 1,
      "doc_recall@10": 1,
      "doc_recall@3": 1,
      "doc_recall@5": 1,
      "mrr": 0.875,
      "ndcg@1": 0.75,
      "ndcg@10": 0.9077324383928644,
      "ndcg@3": 0.9077324383928644,
      "ndcg@5": 0.9077324383928644,
      "num_questions": 12,
      "recall@1": 0.75,
      "recall@10": 1,
      "recall@3": 1,
      "recall@5": 1
    },
    "leaves_withdrawals": {
      "doc_recall@1": 0.8648648648648649,
      "doc_recall@10": 1,
      "doc_recall@3": 0.9459459459459459,
      "doc_recall@5": 0.972972972972973,
      "mrr": 0.6604354354354355,
      "ndcg@1": 0.5135135135135135,
      "ndcg@10": 0.7424298494800393,
      "ndcg@3": 0.6727780881274155,
      "ndcg@5": 0.7065133833539379,
      "num_questions": 37,
      "recall@1": 0.5135135135135135,
      "recall@10": 1,
      "recall@3": 0.8108108108108109,
      "recall@5": 0.8918918918918919
    },
    "student_conduct": {
      "doc_recall@1": 1,
      "doc_recall@10": 1,
      "doc_recall@3": 1,
      "doc_recall@5": 1,
      "mrr": 1.0,
      "ndcg@1": 1.0,
      "ndcg@10": 1.0,
      "ndcg@3": 1.0,
      "ndcg@5": 1.0,
      "num_questions": 26,
      "recall@1": 1,
      "recall@10": 1,
      "recall@3": 1,
      "recall@5": 1
    }
  },
  "retriever": {
    "base_retriever": {
      "avg_indexed_doc_len": 161.98101265822785,
      "b": 0.65,
      "k1": 1.2,
      "name": "local_okapi_bm25",
      "num_chunks": 158,
      "query_expansion": false
    },
    "candidate_k": 20,
    "k_values": [
      1,
      3,
      5,
      10
    ],
    "name": "cross_encoder_reranker",
    "query_expansion": false,
    "reranker_model": "cross-encoder/ms-marco-MiniLM-L-6-v2",
    "top_k": 10
  },
  "unanswerable": {
    "avg_top_score": -0.0219657301902771,
    "max_top_score": 5.665990829467773,
    "near_miss_doc@1": 0.92,
    "near_miss_doc@10": 1,
    "near_miss_doc@3": 1,
    "near_miss_doc@5": 1,
    "num_questions": 25
  }
}
